-- Insert Blog Posts
INSERT INTO blog_posts (id, titulo, autor, fecha, imagen, descripcion, articulo) VALUES
('BP001', 'Los 5 Mejores Juegos de Mesa Cooperativos para Principiantes', 'Sofía \'Boardgame\' Reyes', '2024-09-15', 'https://franciscojosg10.sg-host.com/tiradados/wp-content/uploads/sites/5/2023/12/Los-mejores-Juegos-de-Mesa-Cooperativos.jpg', NULL, 'En un mundo lleno de competencia, a veces lo que necesitamos es unir fuerzas. Exploramos títulos como Pandemic y El Descenso, ideales para empezar a jugar en equipo, enfocándonos en la comunicación y la estrategia conjunta para vencer al juego. Un análisis de sus mecánicas y por qué son perfectos para introducir a nuevos jugadores.'),
('BP002', 'Guía Definitiva: ¿Teclado Mecánico o de Membrana para Gaming?', 'Roberto \'Tech\' Gómez', '2024-09-20', 'https://tse1.mm.bing.net/th/id/OIP.buHIQlRKru15cIcOL_Ck5QHaEv?rs=1&pid=ImgDetMain&o=7&rm=3', 'Una inmersión profunda en la tecnología detrás de los teclados. Comparativa de velocidad, tacto, sonido y durabilidad. Te ayudamos a elegir el *switch* perfecto (Red, Blue, Brown) según tu estilo de juego, ya sea FPS, MOBA o simplemente para escritura.', 'El debate es eterno. Desglosamos las diferencias clave entre un teclado mecánico (con su tacto inconfundible y durabilidad) y uno de membrana (más silencioso y económico). Detallamos qué son los *switches* y cómo impactan en tu rendimiento *gamer*, con recomendaciones específicas para cada tipo de jugador.'),
('BP003', 'Análisis: NovaPlay 5 Pro, ¿Vale la Pena la Actualización de la Consola?', 'Andrés \'Console\' Castro', '2024-09-25', 'https://www.yzlm.com.tr/wp-content/uploads/2024/03/b870d16c-11fa-4345-bb33-2a10179c5e1a.jpg', 'Revisamos a fondo las supuestas mejoras de hardware: Ray Tracing, SSD más rápido y resolución nativa 4K. Comparamos la versión Pro con el modelo base y evaluamos el impacto real en los títulos de lanzamiento.', 'Con la llegada de rumores y algunas especificaciones confirmadas, analizamos si el salto de rendimiento de la \'NovaPlay 5 Pro\' justifica la inversión. Hablamos de la nueva GPU, el rendimiento en 4K y la promesa de tasas de refresco más estables. ¿Es un cambio esencial o solo para entusiastas del *hardware*?'),
('BP004', 'Estrategias Avanzadas en Catan: Dominando el Intercambio y la Colocación', 'Sofía \'Boardgame\' Reyes', '2024-10-01', 'https://cuevadelobo.com/wp-content/uploads/2022/05/Catan.jpg', 'Más allá de construir caminos, te mostramos cómo negociar de manera efectiva y dónde colocar tus asentamientos iniciales para garantizar una ventaja de recursos y victoria.', 'Catan es un juego de estrategia económica. Este artículo se sumerge en las matemáticas de los dados, las probabilidades de los números \'6\' y \'8\', y cómo maximizar el ladrillo y el mineral en las primeras rondas. Consejos sobre cómo usar el Ladrón a tu favor y cuándo es momento de invertir en Cartas de Desarrollo.'),
('BP005', 'Los Mejores Auriculares 7.1 para E-Sports: Escucha cada paso.', 'Roberto \'Tech\' Gómez', '2024-10-05', 'https://www.2playbook.com/uploads/s1/18/19/10/esports-auriculares-recurso.jpeg', 'Un vistazo a los modelos líderes en audio posicional, analizando la calidad del micrófono y la comodidad para torneos largos. Imprescindible para juegos como CS:GO o Valorant.', 'En los *e-sports*, el audio es tan importante como el video. Revisamos auriculares con sonido envolvente 7.1 o Spatial Audio, crucial para identificar la posición exacta de los enemigos. Analizamos la latencia, la calidad del micrófono con cancelación de ruido y la durabilidad de la diadema.'),
('BP006', '¿El Fin de lo Físico? La Transición de X-Fusion hacia lo Digital', 'Andrés \'Console\' Castro', '2024-10-10', 'https://log-wp-media.s3.amazonaws.com/wp-content/uploads/2023/12/xbox-cloud-gaming-game-pass-meta-quest.jpg', 'Discutimos las implicaciones de las consolas \'Solo Digital\'. ¿Es más económico para el consumidor? ¿Qué pasa con la retrocompatibilidad y la reventa de juegos?', 'La industria se mueve hacia un futuro sin discos. Analizamos el modelo de negocio de X-Fusion, centrado en el servicio de suscripción y las ediciones sin lector de discos. Examinamos las ventajas (precios más bajos, menos desorden) y las desventajas (pérdida de la propiedad física y el mercado de segunda mano).'),
('BP007', 'Micro-Reseña: \'Terraforming Mars\' en Solitario. ¿Desafío o Aburrimiento?', 'Sofía \'Boardgame\' Reyes', '2024-10-15', 'https://m.media-amazon.com/images/I/71yT4-HOtiL._AC_SL1500_.jpg', 'Probamos el modo solitario del popular juego de estrategia. Descubre si la versión de un solo jugador mantiene la profundidad y tensión de la experiencia multijugador.', 'Muchos juegos de mesa modernos ofrecen modos en solitario. Analizamos la experiencia de \'Terraforming Mars\' bajo esta modalidad. El objetivo es conseguir un índice de terraformación de 125 antes del final de la Generación 14. Detallamos las reglas específicas y si la ausencia de interacción con otros jugadores afecta la sensación de logro.'),
('BP008', 'La Importancia del DPI en tu Ratón Gamer: ¿Más es Siempre Mejor?', 'Roberto \'Tech\' Gómez', '2024-10-18', 'https://www.tien21.es/blog/wp-content/uploads/2021/12/mejor-raton-gamer.png', 'Desmentimos el mito del \'Máximo DPI\'. Explicamos qué es realmente el DPI, cómo afecta la sensibilidad en pantalla y por qué los profesionales rara vez usan la configuración más alta.', 'DPI (Dots Per Inch) se ha convertido en una cifra de marketing. Este artículo explica que, si bien un sensor de alto DPI es esencial para la precisión, la mayoría de los *gamers* competitivos prefieren sensibilidades mucho más bajas (400-1600 DPI). Hablamos sobre la relación entre DPI, sensibilidad en el juego y el tamaño de tu alfombrilla (*mousepad*).'),
('BP009', 'El Retorno de los Clásicos: La Retrocompatibilidad de \'Switch Go\'', 'Andrés \'Console\' Castro', '2024-10-22', 'https://cdn.computerhoy.com/sites/navi.axelspringer.es/public/media/image/2021/10/analisis-nintendo-switch-oled-2508427.jpg?tf=3840x', 'Analizamos la oferta de juegos clásicos de la consola Switch Go. Desde juegos de NES hasta la llegada rumoreada de títulos de GameCube. ¿Qué tan efectiva es su librería retro?', 'El servicio de suscripción de \'Switch Go\' ha sido clave para mantener a los *gamers* nostálgicos. Hacemos un repaso de los emuladores disponibles y la calidad de la adaptación de títulos retro. Discutimos la posibilidad de nuevas plataformas clásicas y cómo esto podría influir en futuras decisiones de compra de los usuarios de la consola.'),
('BP010', 'Cómo Organizar una Noche de Juegos de Mesa Épica: Logística y Snacks', 'Sofía \'Boardgame\' Reyes', '2024-10-25', 'https://img.freepik.com/premium-photo/friends-are-playing-board-game-together-table_14117-864112.jpg', 'Consejos prácticos para anfitriones: desde la selección de juegos basada en el grupo, hasta la ambientación y los mejores aperitivos que no arruinarán tus cartas.', 'Ser un buen anfitrión de una noche de juegos va más allá de tener la caja correcta. Cubrimos la \'regla de la triple C\': Conocer a los invitados, Calibrar la dificultad del juego, y la Comodidad. También ofrecemos sugerencias sobre protectores de cartas, organizadores internos y la lista definitiva de *snacks* \'anti-grasa\' para mantener tu material impecable.'),
('BP011', 'Review: Monitor \'Quantum\' 144Hz - El Punto Dulce del Gaming Competitivo', 'Roberto \'Tech\' Gómez', '2024-10-29', 'https://www.wepc.com/wp-content/uploads/2019/05/DSC02079-1-scaled.jpg', 'Ponemos a prueba el monitor curvo de 27 pulgadas. ¿Es la tasa de refresco de 144Hz suficiente, o es necesario el salto a 240Hz? Un análisis de precio, rendimiento y experiencia.', 'El monitor \'Quantum\' ofrece un equilibrio casi perfecto entre precio y rendimiento. Analizamos la fidelidad del color del panel VA, la fluidez de los 144Hz y el tiempo de respuesta de 1ms. Concluimos que para la gran mayoría de *gamers* que no son profesionales de e-Sports de élite, 144Hz es el estándar ideal para una ventaja competitiva sin romper el banco.');

-- Insert Tags for Blog Post BP001
INSERT INTO blog_post_tags (blog_post_id, tag) VALUES
('BP001', 'Juego de Mesa'),
('BP001', 'Cooperativo'),
('BP001', 'Recomendaciones');

-- Insert Tags for Blog Post BP002
INSERT INTO blog_post_tags (blog_post_id, tag) VALUES
('BP002', 'Periféricos'),
('BP002', 'Hardware'),
('BP002', 'Guía'),
('BP002', 'Teclado');

-- Insert Tags for Blog Post BP003
INSERT INTO blog_post_tags (blog_post_id, tag) VALUES
('BP003', 'Consolas'),
('BP003', 'Review'),
('BP003', 'Hardware'),
('BP003', 'NovaPlay');

-- Insert Tags for Blog Post BP004
INSERT INTO blog_post_tags (blog_post_id, tag) VALUES
('BP004', 'Juego de Mesa'),
('BP004', 'Estrategia'),
('BP004', 'Catan'),
('BP004', 'Guía');

-- Insert Tags for Blog Post BP005
INSERT INTO blog_post_tags (blog_post_id, tag) VALUES
('BP005', 'Periféricos'),
('BP005', 'Audio'),
('BP005', 'E-Sports'),
('BP005', 'Recomendaciones');

-- Insert Tags for Blog Post BP006
INSERT INTO blog_post_tags (blog_post_id, tag) VALUES
('BP006', 'Consolas'),
('BP006', 'Digital'),
('BP006', 'Industria'),
('BP006', 'X-Fusion');

-- Insert Tags for Blog Post BP007
INSERT INTO blog_post_tags (blog_post_id, tag) VALUES
('BP007', 'Juego de Mesa'),
('BP007', 'Solitario'),
('BP007', 'Review'),
('BP007', 'Estrategia');

-- Insert Tags for Blog Post BP008
INSERT INTO blog_post_tags (blog_post_id, tag) VALUES
('BP008', 'Periféricos'),
('BP008', 'Hardware'),
('BP008', 'Ratón'),
('BP008', 'Guía');

-- Insert Tags for Blog Post BP009
INSERT INTO blog_post_tags (blog_post_id, tag) VALUES
('BP009', 'Consolas'),
('BP009', 'Retro'),
('BP009', 'Switch'),
('BP009', 'Historia');

-- Insert Tags for Blog Post BP010
INSERT INTO blog_post_tags (blog_post_id, tag) VALUES
('BP010', 'Juego de Mesa'),
('BP010', 'Comunidad'),
('BP010', 'Consejos'),
('BP010', 'Entretenimiento');

-- Insert Tags for Blog Post BP011
INSERT INTO blog_post_tags (blog_post_id, tag) VALUES
('BP011', 'Periféricos'),
('BP011', 'Review'),
('BP011', 'Monitor'),
('BP011', 'E-Sports');

-- ==========================================
-- INSERT PRODUCTS
-- ==========================================

-- Insert Products
INSERT INTO products (id, category, name, price, img, description, review) VALUES
('GM001', 'Juego de Mesa', 'Catan', 34990, 'https://tse2.mm.bing.net/th/id/OIP.Ygd6ZQ679UJMABllYf--_gHaHa?rs=1&pid=ImgDetMain&o=7&rm=3', 'Juego de estrategia de comercio y construcción de civilizaciones en la isla de Catan.', 'Un clásico moderno, esencial para cualquier colección. ¡Perfecto para noches de estrategia!'),
('GM002', 'Juego de Mesa', 'Dixit', 28990, 'https://cf.geekdo-images.com/original/img/m74nctbYaqTy03r8s_i_KTyvbYQ=/0x0/pic3483909.jpg', 'Juego de cartas narrativo y de imaginación, donde se adivinan conceptos a través de ilustraciones surrealistas.', 'Excelente para fiestas. Despierta la creatividad y la interpretación de imágenes. ¡Arte bellísimo!'),
('GM003', 'Juego de Mesa', 'Ticket to Ride: Europa', 43990, 'https://67287.cdn.simplo7.net/static/67287/sku/jogos-de-tabuleiro-e-cardgames-ticket-to-ride-europa--p-1621519111305.jpg', 'Aventura ferroviaria para coleccionar y conectar rutas de tren a través de Europa.', 'Ideal para la familia. Reglas sencillas y alta rejugabilidad.'),
('GM004', 'Juego de Mesa', 'Aventureros al Tren: Primer Viaje', 23990, 'https://tse3.mm.bing.net/th/id/OIP.pKHvs9DgTq4ORKLFS7wzqwHaHa?rs=1&pid=ImgDetMain&o=7&rm=3', 'Versión simplificada de Ticket to Ride para introducir a los más jóvenes en los juegos de estrategia.', 'La mejor opción para iniciar a los niños. Rápido y muy colorido.'),
('GM005', 'Juego de Mesa', 'Pandemic', 37990, 'https://cdn.svc.asmodee.net/production-asmodeees/uploads/2023/06/ZM7101ES_1-1.png', 'Juego cooperativo donde el equipo debe curar y contener cuatro plagas que se extienden por el mundo.', 'Un desafío cooperativo intenso y emocionante. ¡El trabajo en equipo es crucial para ganar!'),
('GM006', 'Juego de Mesa', 'Mysterium', 39990, 'https://tse3.mm.bing.net/th/id/OIP.rFnMyj95QfKcl5NaB_ycWwHaHa?rs=1&pid=ImgDetMain&o=7&rm=3', 'Juego asimétrico donde un jugador es un fantasma que guía a un grupo de médiums a resolver un misterio de asesinato con cartas de visiones.', 'Una experiencia única, mezcla de Dixit y Cluedo. Muy atmosférico.'),
('GM007', 'Juego de Mesa', 'Código Secreto (Codenames)', 18990, 'https://tse2.mm.bing.net/th/id/OIP.cJdMYHqguVnqzPQPMSyB5AHaJk?rs=1&pid=ImgDetMain&o=7&rm=3', 'Juego de palabras por equipos donde los espías deben dar pistas de una sola palabra para que su equipo identifique a sus agentes secretos en el tablero.', 'Rápido, ingenioso y excelente para grupos grandes. ¡Altamente adictivo!'),
('GM008', 'Juego de Mesa', 'Wingspan', 56990, 'https://facts.net/wp-content/uploads/2024/02/12-facts-about-wingspan-1707773331.jpg', 'Juego de coleccionar aves y desarrollar hábitats, centrado en la gestión de motores de recursos y la obtención de puntos.', 'Un juego visualmente hermoso y muy tranquilo. Perfecto para *gamers* experimentados.'),
('GM009', 'Juego de Mesa', 'Sushi Go!', 11990, 'https://th.bing.com/th/id/R.bdd79970356de8141a859bdb435e755a?rik=NoFBSdLhFapgbA&pid=ImgRaw&r=0', 'Juego de *draft* de cartas ultrarrápido donde compites por el mejor menú de sushi.', 'Pequeño, portable y muy divertido. Ideal para empezar o terminar una noche de juegos.'),
('GM010', 'Juego de Mesa', 'Splendor', 31990, 'https://tse3.mm.bing.net/th/id/OIP.Lr2KHOY53MTljCHqtNoY1AHaHa?rs=1&pid=ImgDetMain&o=7&rm=3', 'Juego de coleccionar gemas y adquirir cartas de desarrollo para ganar prestigio.', 'Mecánicas sencillas con mucha profundidad estratégica. Rápido de jugar y altamente rejugable.'),
('GM011', 'Juego de Mesa', '7 Wonders Duel', 61990, 'https://th.bing.com/th/id/R.11aec5060c13894992bd1406f229df79?rik=ls7QySKBeB4%2f8Q&pid=ImgRaw&r=0', 'Juego de estrategia económico y científico donde las corporaciones compiten por terraformar Marte.', 'Profundo y temático. Un juego que requiere varias horas y mucha planificación.'),
('GM012', 'Juego de Mesa', 'Azul', 34990, 'https://comprarjuegosdemesa.es/wp-content/uploads/2023/01/azul-juego-de-mesa-958x1024.jpg', 'Juego de abstracto de colocación de azulejos para decorar las paredes del Palacio Real de Evora.', 'Elegante y muy satisfactorio. Fácil de aprender, pero con decisiones difíciles.'),
('PG001', 'Periférico Gamer', 'Teclado Mecánico RGB ''Raptor''', 85990, 'https://tse3.mm.bing.net/th/id/OIP.RHyIEu5k30UgnOIONMTwjwHaEK?rs=1&pid=ImgDetMain&o=7&rm=3', 'Teclado mecánico con *switches* táctiles y retroiluminación RGB personalizable.', 'Excelente respuesta y tacto. Ideal para sesiones de juego intensas.'),
('PG002', 'Periférico Gamer', 'Ratón Inalámbrico ''Phantom''', 52990, 'https://cdn.shopify.com/s/files/1/0269/1013/0275/products/2c11638bfea4c873a64139aed0ab2b87_2048x2048.jpg?v=1614809784', 'Ratón *gamer* ultraligero (65g) con sensor óptico de 16000 DPI y conexión de baja latencia.', 'Increíblemente ligero y preciso. La libertad del inalámbrico sin sacrificar rendimiento.'),
('PG003', 'Periférico Gamer', 'Auriculares Surround 7.1 ''Echo''', 75990, 'https://store.teslards.pe/wp-content/uploads/2023/03/GH-Raider-05.png.png', 'Auriculares con sonido envolvente 7.1 virtual y micrófono con cancelación de ruido.', 'Audio inmersivo y claro. Muy cómodos para largas jornadas de juego.'),
('PG004', 'Periférico Gamer', 'Mousepad Extendido ''Titan''', 23990, 'https://cdn.shopify.com/s/files/1/0352/1514/7148/products/AttackonTitan_055_1024x.jpg?v=1649796605', 'Alfombrilla extragrande (90x40 cm) con superficie de tela optimizada para velocidad y base antideslizante.', 'Espacio más que suficiente para teclado y ratón. Mejora drásticamente la precisión.'),
('PG005', 'Periférico Gamer', 'Mando Pro Inalámbrico ''Apex''', 61990, 'https://ae01.alicdn.com/kf/S570f0c5b830a4b399f041ec652f550c1s/FlyDiGi-mando-inal-mbrico-con-Bluetooth-Apex-4-Gamepad-blanco-edici-n-est-ndar-controlador-de.jpg', 'Mando de juego profesional con botones traseros programables y gatillos de alta respuesta.', 'Precisión y personalización de nivel competitivo. La ergonomía es perfecta.'),
('PG006', 'Periférico Gamer', 'Webcam 4K ''Streamer Pro''', 113990, 'https://resource.logitech.com/b_white/content/dam/logitech/en/products/webcams/4k-pro-webcam/gallery/4k-pro-gallery-1.png', 'Cámara web con resolución 4K a 30 FPS y enfoque automático, ideal para *streaming* de alta calidad.', 'Imágenes cristalinas y excelente rendimiento con poca luz.'),
('PG007', 'Periférico Gamer', 'Volante de Carreras ''ForceDrive''', 236990, 'https://ae01.alicdn.com/kf/S931cacc8ebc44a10865559620f764453D/Volante-de-juego-de-carreras-Force-Feedback-PXN-V10-900-grados-Compatible-con-PC-XBOX-ONE.jpg', 'Volante de carreras con *Force Feedback* de doble motor, pedales sensibles y rotación de 900 grados.', 'Experiencia de conducción increíblemente realista. Ideal para simulación.'),
('PG008', 'Periférico Gamer', 'Ratón Óptico Cableado ''Blade''', 34990, 'https://m.media-amazon.com/images/I/41fnD+V32OL.jpg', 'Ratón *gamer* cableado, ligero y ambidiestro, con 7200 DPI y 6 botones programables.', 'El mejor valor por price. Diseño sencillo y muy funcional para eSports.'),
('PG009', 'Periférico Gamer', 'Silla Gamer ''ErgoPro''', 180990, 'https://static.nb.com.ar/i/nb_SILLA-GAMER-TRUST-GXT708W-RESTO-WHITE_ver_75d6f2ec772bb2fcbd976b7c454b9776.png', 'Silla ergonómica de alto respaldo con soporte lumbar y reposabrazos 4D.', 'Comodidad excepcional para maratones de juego. Gran inversión en salud postural.'),
('PG010', 'Periférico Gamer', 'Micrófono USB ''StreamCast''', 93990, 'https://sillas-gaming.com/wp-content/uploads/2023/02/Logitech-Streaming-Exclusivos-Streamlabs-Personalizado.jpg', 'Micrófono de condensador USB con patrón cardioide, ideal para *podcasting* y *streaming*.', 'Calidad de estudio profesional sin necesidad de interfaces de audio. Plug and play.'),
('PG011', 'Periférico Gamer', 'Monitor Curvo 27'' ''Quantum''', 331990, 'https://www.winpy.cl/files/w13004_lc27h711qelxzs_21.jpg', 'Monitor curvo de 27 pulgadas con panel VA, 144Hz de tasa de refresco y 1ms de tiempo de respuesta.', 'Imágenes fluidas y colores vibrantes. Mejora significativamente la experiencia de juego inmersiva.'),
('CN001', 'Consola', 'Consola ''Play 5''', 473990, 'https://i5.walmartimages.com.mx/mg/gm/3pp/asr/c360b6d0-48bb-4ed0-83ea-15da64842755.6d5c87b820734ca8c8dc95e147c4a5b5.jpeg?odnHeight=2000&odnWidth=2000&odnBg=ffffff', 'Consola de última generación con gráficos 4K a 120 FPS y SSD ultrarrápido.', 'El salto generacional que se esperaba. Tiempos de carga casi nulos.'),
('CN002', 'Consola', 'Consola ''Xbox Series X''', 473990, 'https://cdn.hobbyconsolas.com/sites/navi.axelspringer.es/public/media/image/2020/01/xbox-series-x.jpg?tf=3840x', 'La consola más potente del mercado. Velocidad de fotogramas de hasta 120 FPS y compatibilidad con miles de juegos.', 'Una bestia de rendimiento. El Game Pass es la guinda del pastel.'),
('CN003', 'Consola', 'Consola ''Switch Go''', 283990, 'https://resources.claroshop.com/medios-plazavip/t1/1715811973image58195a4684e64d7aa012d6d9130e6145jpg', 'Consola híbrida para jugar en casa o llevar a cualquier lugar. Pantalla OLED vibrante y mandos Joy-Con desmontables.', 'Imprescindible por sus exclusivas. La flexibilidad de jugar donde quieras no tiene price.'),
('CN004', 'Consola', 'Mando ''Play'' DualSense', 66990, 'https://tse1.mm.bing.net/th/id/OIP.r4yKyG3hmeaAZRDIrF47hQHaEV?rs=1&pid=ImgDetMain&o=7&rm=3', 'Controlador oficial para NovaPlay 5 con respuesta háptica y gatillos adaptativos.', 'Tecnología innovadora que realmente mejora la inmersión en los juegos.'),
('CN005', 'Consola', 'Juego: Starfield Explorers (X-Fusion/PC)', 66990, 'https://static0.gamerantimages.com/wordpress/wp-content/uploads/2023/08/starfield-explorers-on-a-planet-next-to-shuttle.jpg', 'RPG de ciencia ficción de mundo abierto. Explora más de 1000 planetas en una épica galáctica.', 'Una odisea espacial que define una generación. Enorme contenido y libertad.'),
('CN006', 'Consola', 'Juego: The Last of Us: Part I (NovaPlay)', 66990, 'https://gamingbolt.com/wp-content/uploads/2023/12/the-last-of-us-part-2-remastered-key-art.jpg', 'Remake del aclamado juego de acción y aventura con gráficos de última generación.', 'Una historia desgarradora con la mejor puesta en escena técnica.'),
('CN007', 'Consola', 'Juego: Mario Kart 8 Deluxe (Switch)', 56990, 'https://d28ipuewd7cdcq.cloudfront.net/assets/article/2022/11/21/mario-kart-8-deluxe-booster-course-pass-dlc-merry-mountain_feature.jpg', 'El juego de carreras arcade más vendido para Switch, con 48 pistas y multijugador local.', 'Diversión infinita y accesible para todos. El rey de las fiestas.');

-- Insert Product Characteristics for Board Games
INSERT INTO product_characteristics (product_id, jugadores, edad_minima, tiempo_juego) VALUES
('GM001', '3-4', '+10 años', '60-120 min'),
('GM002', '3-6', '+8 años', '30 min'),
('GM003', '2-5', '+8 años', '30-60 min'),
('GM004', '2-4', '+6 años', '15-30 min'),
('GM005', '2-4', '+8 años', '45 min'),
('GM006', '2-7', '+10 años', '42 min'),
('GM007', '2-8+', '+14 años', '15 min'),
('GM008', '1-5', '+10 años', '40-70 min'),
('GM009', '2-5', '+8 años', '15 min'),
('GM010', '2-4', '+10 años', '30 min'),
('GM011', '1-5', '+12 años', '120 min'),
('GM012', '2-4', '+8 años', '30-45 min');

-- Insert Product Characteristics for Gaming Peripherals
INSERT INTO product_characteristics (product_id, tipo_switch, iluminacion, conexion, sensor, peso, sonido, compatibilidad, dimensiones, material, bordes, plataforma, botones, bateria, resolucion, fps, microfono, rotacion, feedback, diseño, ajuste, soporte, tipo, patron, tamaño, frecuencia, respuesta) VALUES
('PG001', 'Outemu Blue', 'RGB por Tecla', 'USB Cableado', NULL, NULL, NULL, NULL, NULL, NULL, NULL, NULL, NULL, NULL, NULL, NULL, NULL, NULL, NULL, NULL, NULL, NULL, NULL, NULL, NULL, NULL, NULL),
('PG002', NULL, NULL, 'Inalámbrica (2.4 GHz)', 'Óptico 16000 DPI', '65g', NULL, NULL, NULL, NULL, NULL, NULL, NULL, NULL, NULL, NULL, NULL, NULL, NULL, NULL, NULL, NULL, NULL, NULL, NULL, NULL, NULL),
('PG003', NULL, NULL, 'USB', NULL, NULL, 'Surround 7.1 Virtual', 'PC/PS5', NULL, NULL, NULL, NULL, NULL, NULL, NULL, NULL, NULL, NULL, NULL, NULL, NULL, NULL, NULL, NULL, NULL, NULL, NULL),
('PG004', NULL, NULL, NULL, NULL, NULL, NULL, NULL, '900 x 400 mm', 'Tela de microfibra', 'Cosidos antideshilachamiento', NULL, NULL, NULL, NULL, NULL, NULL, NULL, NULL, NULL, NULL, NULL, NULL, NULL, NULL, NULL, NULL),
('PG005', NULL, NULL, NULL, NULL, NULL, NULL, NULL, NULL, NULL, NULL, 'PC/Switch/Android', '4 Palancas Traseras', '20 horas', NULL, NULL, NULL, NULL, NULL, NULL, NULL, NULL, NULL, NULL, NULL, NULL, NULL),
('PG006', NULL, NULL, NULL, NULL, NULL, NULL, NULL, NULL, NULL, NULL, NULL, NULL, NULL, '4K (3840x2160)', '30 FPS', 'Doble integrado', NULL, NULL, NULL, NULL, NULL, NULL, NULL, NULL, NULL, NULL),
('PG007', NULL, NULL, NULL, NULL, NULL, NULL, NULL, NULL, NULL, NULL, 'PC/PS4/Xbox', NULL, NULL, NULL, NULL, NULL, '900 grados', 'Doble motor de fuerza', NULL, NULL, NULL, NULL, NULL, NULL, NULL, NULL),
('PG008', NULL, NULL, 'USB Cableado', 'Óptico 7200 DPI', NULL, NULL, NULL, NULL, NULL, NULL, NULL, NULL, NULL, NULL, NULL, NULL, NULL, NULL, 'Ambiestro', NULL, NULL, NULL, NULL, NULL, NULL, NULL),
('PG009', NULL, NULL, NULL, NULL, NULL, NULL, NULL, NULL, 'Cuero PU transpirable', NULL, NULL, NULL, NULL, NULL, NULL, NULL, NULL, NULL, NULL, 'Inclinación 180°', 'Lumbar y Cervical', NULL, NULL, NULL, NULL, NULL),
('PG010', NULL, NULL, 'USB', NULL, NULL, NULL, NULL, NULL, NULL, NULL, NULL, NULL, NULL, NULL, NULL, NULL, NULL, NULL, NULL, NULL, NULL, 'Condensador', 'Cardioide', NULL, NULL, NULL),
('PG011', NULL, NULL, NULL, NULL, NULL, NULL, NULL, NULL, NULL, NULL, NULL, NULL, NULL, NULL, NULL, NULL, NULL, NULL, NULL, NULL, NULL, NULL, NULL, '27 pulgadas', '144 Hz', '1 ms (MPRT)');

-- Insert Product Characteristics for Consoles
INSERT INTO product_characteristics (product_id, resolucion_maxima, almacenamiento, lector_discos, pantalla, modo_juego, memoria, caracteristica_clave, color, genero, clasificacion, jugadores2) VALUES
('CN001', '4K @ 120Hz', '825GB SSD', 'Blu-ray Ultra HD', NULL, NULL, NULL, NULL, NULL, NULL, NULL, NULL),
('CN002', '4K @ 120Hz', '1TB SSD Personalizado', 'Blu-ray 4K UHD', NULL, NULL, NULL, NULL, NULL, NULL, NULL, NULL),
('CN003', NULL, NULL, NULL, 'OLED de 7 pulgadas', 'TV, Sobremesa, Portátil', '64 GB interna', NULL, NULL, NULL, NULL, NULL),
('CN004', NULL, NULL, NULL, NULL, NULL, NULL, 'Respuesta Háptica', 'Blanco Cósmico', NULL, NULL, NULL),
('CN005', NULL, NULL, NULL, NULL, NULL, NULL, NULL, NULL, 'RPG / Ciencia Ficción', '+18', NULL),
('CN006', NULL, NULL, NULL, NULL, NULL, NULL, NULL, NULL, 'Survival Horror / Aventura', '+18', NULL),
('CN007', NULL, NULL, NULL, NULL, NULL, NULL, NULL, NULL, 'Carreras / Arcade', NULL, '1-12');

-- Insert Product Stock (cantidad aleatoria entre 10 y 20)
INSERT INTO product_stock (product_id, quantity) VALUES
('GM001', 15),
('GM002', 18),
('GM003', 12),
('GM004', 20),
('GM005', 14),
('GM006', 11),
('GM007', 19),
('GM008', 10),
('GM009', 17),
('GM010', 13),
('GM011', 16),
('GM012', 15),
('PG001', 18),
('PG002', 12),
('PG003', 14),
('PG004', 20),
('PG005', 11),
('PG006', 10),
('PG007', 13),
('PG008', 19),
('PG009', 15),
('PG010', 16),
('PG011', 12),
('CN001', 14),
('CN002', 13),
('CN003', 17),
('CN004', 20),
('CN005', 18),
('CN006', 16),
('CN007', 19);
